"Symbol","Description","Category2","Category3","GICS Sector","Market cap","Dividend yield","Price to TTM earnings","Price to TTM sales","Price to book value","Action"
"AAPL","Apple Inc","Common stocks","Large cap","Information Technology","$2,514,367,868,350","0.57%","24.47","6.51","37.00","Analyze"
"MSFT","Microsoft Corp","Common stocks","Large cap","Information Technology","$1,980,747,135,473","0.91%","26.87","10.29","11.95","Analyze"
"AMZN","Amazon.Com Inc.","Common stocks","Large cap","Consumer Discretionary","$1,267,985,620,000","0.00%","58.17","2.65","9.29","Analyze"
"TSLA","Tesla Inc","Common stocks","Large cap","Consumer Discretionary","$844,782,680,603","0.00%","100.78","13.58","24.83","Analyze"
"BRK.B","Berkshire Hathaway Inc. Class B","Common stocks","Large cap","Financials","$633,264,115,884","0.00%","4.32","1.78","0.70","Analyze"
"META","Meta Platforms, Inc.","Common stocks","Large cap","Communication Services","$522,767,203,446","0.00%","0.00","0.00","0.00","Analyze"
"UNH","Unitedhealth Group Inc","Common stocks","Large cap","Health Care","$490,157,135,703","1.14%","28.03","1.66","6.72","Analyze"
"V","Visa Inc Class A","Common stocks","Large cap","Information Technology","$476,482,760,000","0.67%","25.66","17.69","9.77","Analyze"
"NVDA","Nvidia Corp","Common stocks","Large cap","Information Technology","$451,250,000,000","0.09%","44.39","16.77","16.27","Analyze"
"JNJ","Johnson & Johnson","Common stocks","Large cap","Health Care","$450,785,443,043","2.49%","22.84","4.75","6.06","Analyze"
"XOM","Exxon Mobil Corp","Common stocks","Large cap","Energy","$369,650,668,959","3.94%","14.22","1.20","2.17","Analyze"
"WMT","Walmart Stores Inc","Common stocks","Large cap","Consumer Staples","$363,339,439,128","1.67%","27.88","0.63","4.71","Analyze"
"JPM","JP Morgan Chase & Co","Common stocks","Large cap","Financials","$338,700,659,739","3.45%","8.32","2.82","1.18","Analyze"
"PG","Procter & Gamble","Common stocks","Large cap","Consumer Staples","$337,749,016,308","2.51%","23.51","4.24","7.55","Analyze"
"MA","Mastercard Inc Class A","Common stocks","Large cap","Information Technology","$334,750,337,466","0.55%","34.96","16.83","47.17","Analyze"
"HD","Home Depot Inc","Common stocks","Large cap","Consumer Discretionary","$313,465,258,530","2.31%","19.08","2.05","-184.38","Analyze"
"LLY","Eli Lilly","Common stocks","Large cap","Health Care","$310,626,163,028","1.11%","50.96","10.59","33.48","Analyze"
"PFE","Pfizer Inc","Common stocks","Large cap","Health Care","$286,828,993,347","3.05%","11.51","3.11","3.49","Analyze"
"CVX","Chevron Corp","Common stocks","Large cap","Energy","$285,683,876,502","3.80%","13.82","1.62","1.94","Analyze"
"BAC","Bank of America Corp","Common stocks","Large cap","Financials","$271,114,057,865","2.48%","9.10","3.03","1.01","Analyze"
"KO","Coca-Cola","Common stocks","Large cap","Consumer Staples","$265,997,362,689","2.77%","25.90","6.63","10.75","Analyze"
"ABBV","Abbvie Inc","Common stocks","Large cap","Health Care","$261,090,514,763","3.69%","21.02","4.60","16.11","Analyze"
"COST","Costco Wholesale Corp","Common stocks","Large cap","Consumer Staples","$234,531,162,978","0.62%","42.56","1.12","12.08","Analyze"
"PEP","Pepsico Inc","Common stocks","Large cap","Consumer Staples","$232,558,097,062","2.57%","23.03","2.88","12.86","Analyze"
"MRK","Merck & Co Inc","Common stocks","Large cap","Health Care","$227,946,484,954","2.98%","16.07","4.22","5.57","Analyze"
"TMO","Thermo Fisher Scientific Inc","Common stocks","Large cap","Health Care","$225,090,650,000","0.19%","28.91","5.47","5.37","Analyze"
"AVGO","Broadcom Inc.","Common stocks","Large cap","Information Technology","$209,048,346,936","3.74%","27.48","7.33","9.00","Analyze"
"DHR","Danaher Corp","Common stocks","Large cap","Health Care","$203,021,645,370","0.33%","31.64","6.70","4.30","Analyze"
"VZ","Verizon Communications Inc","Common stocks","Large cap","Communication Services","$200,155,018,790","6.57%","8.72","1.49","2.23","Analyze"
"ORCL","Oracle Corp","Common stocks","Large cap","Information Technology","$198,643,584,040","1.71%","26.40","4.75","-22.95","Analyze"
"ABT","Abbott Laboratories","Common stocks","Large cap","Health Care","$193,811,801,969","1.67%","24.75","4.35","5.40","Analyze"
"ADBE","Adobe Inc","Common stocks","Large cap","Information Technology","$191,369,880,000","0.00%","38.97","11.86","13.65","Analyze"
"ACN","Accenture Plc Class A","Common stocks","Large cap","Information Technology","$191,292,869,403","1.34%","29.93","3.37","9.30","Analyze"
"DIS","Walt Disney","Common stocks","Large cap","Communication Services","$189,673,588,445","0.00%","70.55","2.48","2.06","Analyze"
"CMCSA","Comcast A Corp","Common stocks","Large cap","Communication Services","$188,971,009,624","2.45%","13.24","1.57","2.01","Analyze"
"MCD","Mcdonalds Corp","Common stocks","Large cap","Consumer Discretionary","$187,452,960,347","2.12%","26.41","7.89","-31.35","Analyze"
"CSCO","Cisco Systems Inc","Common stocks","Large cap","Information Technology","$184,604,176,769","3.35%","15.33","3.58","4.56","Analyze"
"CRM","Salesforce.Com Inc","Common stocks","Large cap","Information Technology","$184,423,250,000","0.00%","125.73","6.96","3.12","Analyze"
"QCOM","Qualcomm Inc","Common stocks","Large cap","Information Technology","$175,355,207,733","1.78%","15.50","4.47","12.97","Analyze"
"NKE","Nike Inc Class B","Common stocks","Large cap","Consumer Discretionary","$175,224,426,386","1.06%","22.64","3.74","9.35","Analyze"
"TMUS","T Mobile US Inc","Common stocks","Large cap","Communication Services","$166,392,928,973","0.00%","59.03","2.07","2.37","Analyze"
"INTC","Intel Corporation Corp","Common stocks","Large cap","Information Technology","$166,054,290,000","3.47%","6.51","2.14","1.55","Analyze"
"WFC","Wells Fargo","Common stocks","Large cap","Financials","$164,046,445,077","2.07%","8.48","2.12","0.91","Analyze"
"UPS","United Parcel Service Inc Class B","Common stocks","Large cap","Industrials","$161,651,444,000","2.69%","12.83","1.64","8.96","Analyze"
"BMY","Bristol Myers Squibb","Common stocks","Large cap","Health Care","$155,506,854,354","2.86%","24.85","3.31","4.92","Analyze"
"NEE","Nextera Energy Inc","Common stocks","Large cap","Utilities","$154,511,847,114","2.04%","108.28","9.52","4.39","Analyze"
"TXN","Texas Instrument Inc","Common stocks","Large cap","Information Technology","$153,572,170,546","2.66%","18.41","8.10","10.78","Analyze"
"AMD","Advanced Micro Devices Inc","Common stocks","Large cap","Information Technology","$147,612,064,975","0.00%","42.08","7.82","2.58","Analyze"
"MS","Morgan Stanley","Common stocks","Large cap","Financials","$145,225,562,578","3.33%","10.21","2.62","1.40","Analyze"
"PM","Philip Morris International Inc","Common stocks","Large cap","Consumer Staples","$145,074,824,474","5.24%","16.52","4.60","-14.73","Analyze"
"LIN","Linde Plc","Common stocks","Large cap","Materials","$144,297,072,363","1.55%","35.71","4.54","3.34","Analyze"
"RTX","Raytheon Technologies Corporation","Common stocks","Large cap","Industrials","$141,121,841,408","2.17%","33.40","2.18","1.93","Analyze"
"T","AT&T Inc.","Common stocks","Large cap","Communication Services","$135,448,280,000","8.21%","7.69","0.83","0.71","Analyze"
"UNP","Union Pacific Corp","Common stocks","Large cap","Industrials","$133,078,530,556","2.22%","19.67","5.87","11.27","Analyze"
"AMGN","Amgen Inc","Common stocks","Large cap","Health Care","$131,295,659,533","2.98%","22.96","4.99","143.44","Analyze"
"LOW","Lowes Companies Inc","Common stocks","Large cap","Consumer Discretionary","$123,709,776,335","1.77%","14.84","1.30","-18.18","Analyze"
"SPGI","S&P Global Inc","Common stocks","Large cap","Financials","$122,914,638,000","0.87%","35.11","14.18","3.10","Analyze"
"HON","Honeywell International Inc","Common stocks","Large cap","Industrials","$122,552,349,388","2.13%","23.53","3.57","6.73","Analyze"
"CVS","CVS Health Corp","Common stocks","Large cap","Health Care","$122,200,892,606","2.29%","15.42","0.41","1.67","Analyze"
"MDT","Medtronic Plc","Common stocks","Large cap","Health Care","$121,087,326,206","2.82%","24.77","3.81","2.32","Analyze"
"INTU","Intuit Inc","Common stocks","Large cap","Information Technology","$119,127,358,022","0.62%","56.46","10.44","7.86","Analyze"
"SCHW","Charles Schwab Corporation","Common stocks","Large cap","Financials","$118,626,316,360","1.20%","21.80","6.42","2.38","Analyze"
"AMT","American Tower Corporation","REITs","Large cap","Real Estate","$116,551,130,557","2.15%","44.97","11.82","22.09","Analyze"
"COP","ConocoPhillips","Common stocks","Large cap","Energy","$115,026,468,215","3.34%","8.87","2.14","2.32","Analyze"
"IBM","International Business Machines Co","Common stocks","Large cap","Information Technology","$114,363,201,574","5.07%","20.90","2.13","6.06","Analyze"
"AXP","American Express","Common stocks","Large cap","Financials","$113,094,592,550","1.26%","14.75","2.51","5.15","Analyze"
"GS","Goldman Sachs Group Inc","Common stocks","Large cap","Financials","$112,149,112,847","2.44%","6.09","2.10","0.97","Analyze"
"ELV","Elevance Health, Inc.","Common stocks","Large cap","Health Care","$110,865,920,586","1.04%","0.00","0.00","0.00","Analyze"
"LMT","Lockheed Martin Corp","Common stocks","Large cap","Industrials","$104,788,156,158","2.77%","16.85","1.59","10.46","Analyze"
"C","Citigroup Inc","Common stocks","Large cap","Financials","$104,175,247,698","3.83%","5.99","1.46","0.52","Analyze"
"NFLX","Netflix Inc","Common stocks","Large cap","Communication Services","$98,909,066,391","0.00%","19.45","3.25","5.55","Analyze"
"BLK","Blackrock Inc","Common stocks","Large cap","Financials","$96,857,545,954","2.79%","15.64","4.92","2.56","Analyze"
"DE","Deere & Company","Common stocks","Large cap","Industrials","$96,745,915,615","1.35%","16.91","2.20","5.05","Analyze"
"CAT","Caterpillar Inc","Common stocks","Large cap","Industrials","$96,531,596,573","2.48%","14.67","1.83","5.58","Analyze"
"PYPL","Paypal Holdings Inc","Common stocks","Large cap","Information Technology","$95,827,804,125","0.00%","26.21","3.71","4.56","Analyze"
"SBUX","Starbucks Corp","Common stocks","Large cap","Consumer Discretionary","$95,812,026,000","2.28%","21.75","3.06","-10.93","Analyze"
"BA","Boeing","Common stocks","Large cap","Industrials","$95,495,939,805","0.00%","-19.16","1.56","-6.08","Analyze"
"EL","Estee Lauder Inc Class A","Common stocks","Large cap","Consumer Staples","$94,947,152,091","0.88%","17.97","5.24","9.80","Analyze"
"PLD","Prologis, Inc","REITs","Large cap","Real Estate","$93,036,756,560","2.24%","25.27","19.26","2.75","Analyze"
"NOW","Servicenow Inc","Common stocks","Large cap","Information Technology","$92,269,679,086","0.00%","400.98","14.75","22.41","Analyze"
"ADP","Automatic Data Processing Inc","Common stocks","Large cap","Information Technology","$91,106,476,380","1.84%","32.17","5.77","21.95","Analyze"
"AMAT","Applied Material Inc","Common stocks","Large cap","Information Technology","$90,335,325,244","1.17%","13.09","3.64","7.64","Analyze"
"ADI","Analog Devices Inc","Common stocks","Large cap","Information Technology","$85,866,757,765","1.74%","51.68","8.80","2.29","Analyze"
"ZTS","Zoetis Inc","Common stocks","Large cap","Health Care","$84,995,535,093","0.68%","40.45","10.77","18.00","Analyze"
"MDLZ","Mondelez International Inc","Common stocks","Large cap","Consumer Staples","$84,903,714,823","2.26%","20.46","2.90","3.05","Analyze"
"CI","Cigna Corp","Common stocks","Large cap","Health Care","$84,505,783,940","1.58%","15.85","0.48","1.85","Analyze"
"CHTR","Charter Communications Inc Class A","Common stocks","Large cap","Communication Services","$82,710,489,380","0.00%","16.14","1.58","6.76","Analyze"
"ISRG","Intuitive Surgical Inc","Common stocks","Large cap","Health Care","$80,675,475,847","0.00%","37.32","13.66","6.28","Analyze"
"DUK","Duke Energy Corp","Common stocks","Large cap","Utilities","$79,715,495,906","3.75%","21.91","3.06","1.63","Analyze"
"MMC","Marsh & McLennan Inc","Common stocks","Large cap","Financials","$79,362,598,039","1.35%","24.36","3.91","7.20","Analyze"
"CB","Chubb Ltd","Common stocks","Large cap","Financials","$77,967,129,010","1.74%","9.50","1.92","1.38","Analyze"
"GOOG","Alphabet Inc Class C","Common stocks","Large cap","Communication Services","$77,671,672,760","0.00%","0.46","0.29","0.13","Analyze"
"GOOGL","Alphabet Inc Class A","Common stocks","Large cap","Communication Services","$77,671,672,760","0.00%","0.44","0.29","0.13","Analyze"
"MO","Altria Group Inc","Common stocks","Large cap","Consumer Staples","$77,437,534,481","8.19%","25.95","3.68","-44.33","Analyze"
"GILD","Gilead Sciences Inc","Common stocks","Large cap","Health Care","$76,525,663,462","4.64%","16.89","2.79","3.83","Analyze"
"MMM","3M","Common stocks","Large cap","Industrials","$76,225,432,824","4.43%","13.64","2.16","5.11","Analyze"
"SYK","Stryker Corp","Common stocks","Large cap","Health Care","$75,721,572,979","1.35%","37.43","4.34","5.01","Analyze"
"SO","Southern Co","Common stocks","Large cap","Utilities","$75,279,873,224","3.70%","33.38","3.16","2.34","Analyze"
"GE","General Electric","Common stocks","Large cap","Industrials","$74,988,304,951","0.47%","-15.08","1.01","1.92","Analyze"
"CCI","Crown Castle International Corp.","REITs","Large cap","Real Estate","$74,918,810,784","3.28%","51.30","11.36","9.31","Analyze"
"TJX","TJX Companies, Inc.","Common stocks","Large cap","Consumer Discretionary","$74,680,074,369","1.68%","24.22","1.43","12.44","Analyze"
"BKNG","Booking Holdings Inc","Common stocks","Large cap","Consumer Discretionary","$74,316,590,759","0.00%","141.39","5.94","16.81","Analyze"
"CME","CME Group Inc Class A","Common stocks","Large cap","Financials","$73,964,659,031","1.83%","26.70","15.46","2.65","Analyze"
"TGT","Target Corp","Common stocks","Large cap","Consumer Discretionary","$73,570,072,887","2.26%","12.49","0.69","6.79","Analyze"
"VRTX","Vertex Pharmaceuticals Inc","Common stocks","Large cap","Health Care","$72,407,070,119","0.00%","29.25","9.11","6.57","Analyze"
"USB","US Bancorp","Common stocks","Large cap","Financials","$70,736,088,161","3.81%","10.28","3.10","1.38","Analyze"
"NOC","Northrop Grumman Corp","Common stocks","Large cap","Industrials","$70,540,760,841","1.41%","12.18","2.00","5.29","Analyze"
"MU","Micron Technology Inc","Common stocks","Large cap","Information Technology","$70,204,154,673","0.65%","7.49","2.25","1.41","Analyze"
"BDX","Becton Dickinson","Common stocks","Large cap","Health Care","$68,723,380,759","1.39%","37.72","3.43","2.81","Analyze"
"CSX","CSX Corp","Common stocks","Large cap","Industrials","$67,380,315,912","1.24%","17.07","5.13","5.09","Analyze"
"MRNA","Moderna, Inc.","Common stocks","Large cap","Health Care","$67,177,604,826","0.00%","4.44","2.97","3.81","Analyze"
"PNC","PNC Financial Services Group, Inc.","Common stocks","Large cap","Financials","$66,838,786,462","3.36%","13.31","3.40","1.36","Analyze"
"SHW","Sherwin Williams","Common stocks","Large cap","Materials","$66,747,091,807","0.90%","36.91","3.29","30.16","Analyze"
"LRCX","Lam Research Corp","Common stocks","Large cap","Information Technology","$66,046,385,806","1.25%","14.17","3.95","10.68","Analyze"
"PGR","Progressive Corp","Common stocks","Large cap","Financials","$65,091,016,085","1.70%","30.14","1.35","3.81","Analyze"
"FISV","Fiserv Inc","Common stocks","Large cap","Information Technology","$64,668,168,083","0.00%","38.33","3.89","2.08","Analyze"
"EW","Edwards Lifesciences Corp","Common stocks","Large cap","Health Care","$64,519,177,645","0.00%","41.46","12.04","10.91","Analyze"
"WM","Waste Management Inc","Common stocks","Large cap","Industrials","$64,460,890,631","1.57%","33.71","3.49","9.00","Analyze"
"TFC","Truist Financial Corporation","Common stocks","Large cap","Financials","$64,373,861,872","3.92%","10.64","2.91","0.99","Analyze"
"REGN","Regeneron Pharmaceuticals Inc","Common stocks","Large cap","Health Care","$64,000,136,757","0.00%","7.98","3.88","3.18","Analyze"
"CL","Colgate-Palmolive","Common stocks","Large cap","Consumer Staples","$63,817,652,819","2.40%","31.76","3.65","202.23","Analyze"
"ATVI","Activision Blizzard Inc","Common stocks","Large cap","Communication Services","$62,151,758,209","0.59%","25.04","7.49","3.47","Analyze"
"D","Dominion Energy Inc","Common stocks","Large cap","Utilities","$61,624,096,090","3.38%","21.11","4.29","2.15","Analyze"
"NSC","Norfolk Southern Corp","Common stocks","Large cap","Industrials","$61,492,306,413","1.91%","19.09","5.39","4.30","Analyze"
"HUM","Humana Inc","Common stocks","Large cap","Health Care","$61,437,845,351","0.61%","20.38","0.71","4.04","Analyze"
"EOG","EOG Resources Inc","Common stocks","Large cap","Energy","$60,656,487,264","2.50%","13.52","2.71","2.75","Analyze"
"GD","General Dynamics Corp","Common stocks","Large cap","Industrials","$60,231,462,392","2.24%","18.36","1.57","3.34","Analyze"
"FIS","Fidelity National Information Services","Common stocks","Large cap","Information Technology","$60,131,976,446","1.73%","66.15","4.25","1.28","Analyze"
"AON","Aon Plc","Common stocks","Large cap","Financials","$59,609,789,774","0.74%","43.49","4.83","50.43","Analyze"
"ITW","Illinois Tool Inc","Common stocks","Large cap","Industrials","$59,389,059,568","2.54%","22.22","4.00","16.66","Analyze"
"EQIX","Equinix, Inc.","REITs","Large cap","Real Estate","$59,176,278,227","1.82%","121.12","8.74","5.44","Analyze"
"FDX","FedEx Corporation","Common stocks","Large cap","Industrials","$59,156,462,956","1.49%","11.50","0.65","2.41","Analyze"
"OXY","Occidental Petroleum Corp","Common stocks","Large cap","Energy","$58,105,840,884","0.45%","8.74","2.00","2.30","Analyze"
"DG","Dollar General Corp","Common stocks","Large cap","Consumer Discretionary","$56,054,643,625","0.78%","23.45","1.64","8.98","Analyze"
"PSA","Public Storage","REITs","Large cap","Real Estate","$56,042,879,325","2.48%","29.90","15.47","5.78","Analyze"
"ICE","Intercontinental Exchange Inc","Common stocks","Large cap","Financials","$55,530,748,762","1.42%","13.60","6.04","2.44","Analyze"
"ETN","Eaton Corporation, PLC","Common stocks","Large cap","Industrials","$54,798,660,000","2.27%","24.58","2.77","3.28","Analyze"
"MCO","Moodys Corp","Common stocks","Large cap","Financials","$54,602,775,000","0.89%","27.59","8.89","22.77","Analyze"
"BSX","Boston Scientific Corp","Common stocks","Large cap","Health Care","$54,495,254,106","0.00%","72.37","4.48","3.26","Analyze"
"KLAC","KLA-Tencor Corporation","Common stocks","Large cap","Information Technology","$53,805,204,566","1.16%","16.78","6.22","12.95","Analyze"
"HCA","HCA Healthcare, Inc.","Common stocks","Large cap","Health Care","$53,574,276,564","1.14%","8.77","0.90","-29.36","Analyze"
"CNC","Centene Corp","Common stocks","Large cap","Health Care","$52,938,121,193","0.00%","10.66","0.40","1.96","Analyze"
"APD","Air Products And Chemicals Inc","Common stocks","Large cap","Materials","$52,025,804,781","2.64%","23.28","4.57","3.73","Analyze"
"SNPS","Synopsys Inc","Common stocks","Large cap","Information Technology","$51,804,904,526","0.00%","51.27","10.89","9.29","Analyze"
"PXD","Pioneer Natural Resource","Common stocks","Large cap","Energy","$51,605,012,321","1.19%","12.10","2.46","2.14","Analyze"
"KDP","Keurig Dr Pepper Inc.","Common stocks","Large cap","Consumer Staples","$51,464,879,065","2.05%","21.48","4.00","2.03","Analyze"
"F","Ford Motor Company","Common stocks","Large cap","Consumer Discretionary","$51,335,872,627","2.29%","4.38","0.38","1.13","Analyze"
"GM","General Motors","Common stocks","Large cap","Consumer Discretionary","$51,228,003,766","0.00%","5.71","0.39","0.81","Analyze"
"MNST","Monster Beverage Corp","Common stocks","Large cap","Consumer Staples","$50,726,630,648","0.00%","37.12","8.72","7.33","Analyze"
"EMR","Emerson Electric","Common stocks","Large cap","Industrials","$49,717,800,000","2.43%","17.22","2.63","4.67","Analyze"
"MET","Metlife Inc","Common stocks","Large cap","Financials","$49,695,014,138","3.14%","7.42","0.75","0.92","Analyze"
"MAR","Marriott International Inc","Common stocks","Large cap","Consumer Discretionary","$49,422,056,286","0.20%","33.22","3.14","27.87","Analyze"
"SRE","Sempra Energy","Common stocks","Large cap","Utilities","$48,242,633,008","3.59%","48.87","3.60","8.39","Analyze"
"AEP","American Electric Power Inc","Common stocks","Large cap","Utilities","$47,651,764,091","3.28%","18.44","2.79","879.36","Analyze"
"SLB","Schlumberger Nv","Common stocks","Large cap","Energy","$47,534,683,509","1.63%","23.70","2.01","3.23","Analyze"
"NXPI","NXP Semiconductors Nv","Common stocks","Large cap","Information Technology","$47,248,533,961","1.56%","30.29","4.06","7.06","Analyze"
"MCK","Mckesson Corp","Common stocks","Large cap","Health Care","$47,067,241,389","0.57%","42.59","0.18","-20.88","Analyze"
"MPC","Marathon Petroleum Corp","Common stocks","Large cap","Energy","$46,769,012,044","2.66%","4.28","0.35","1.93","Analyze"
"ECL","Ecolab Inc","Common stocks","Large cap","Materials","$46,658,914,978","1.22%","42.01","3.56","6.57","Analyze"
"CDNS","Cadence Design Systems Inc","Common stocks","Large cap","Information technology","$46,534,331,250","0.00%","62.15","14.75","16.76","Analyze"
"KHC","Kraft Heinz","Common stocks","Large cap","Consumer Staples","$46,448,976,085","4.15%","38.29","1.81","0.94","Analyze"
"STZ","Constellation Brands Class A","Common stocks","Large cap","Consumer Staples","$45,681,397,077","1.27%","89.42","5.18","3.29","Analyze"
"ORLY","Oreilly Automotive Inc","Common stocks","Large cap","Consumer Discretionary","$45,078,446,163","0.00%","21.09","3.33","-137.79","Analyze"
"HSY","Hershey Foods","Common stocks","Large cap","Consumer Staples","$44,939,939,220","1.67%","19.52","4.81","10.81","Analyze"
"COF","Capital One Financial Corp","Common stocks","Large cap","Financials","$44,913,898,461","2.09%","3.88","1.43","0.76","Analyze"
"SYY","Sysco Corp","Common stocks","Large cap","Consumer Staples","$44,283,637,927","2.17%","44.26","0.67","33.49","Analyze"
"KMB","Kimberly Clark Corp","Common stocks","Large cap","Consumer Staples","$43,985,623,111","3.48%","25.45","2.22","63.28","Analyze"
"PAYX","Paychex Inc","Common stocks","Large cap","Information Technology","$43,926,635,680","2.25%","32.42","9.77","13.41","Analyze"
"ROP","Roper Technologies Inc","Common stocks","Large cap","Information Technology","$43,713,330,098","0.59%","15.09","7.18","3.21","Analyze"
"GIS","General Mills Inc","Common stocks","Large cap","Consumer Staples","$43,652,281,964","2.80%","19.11","2.34","4.36","Analyze"
"ADSK","Autodesk Inc","Common stocks","Large cap","Information Technology","$43,258,896,016","0.00%","85.66","9.86","50.14","Analyze"
"LHX","L3Harris Technologies, Inc.","Common stocks","Large cap","Industrials","$43,221,274,268","1.90%","23.43","2.49","2.25","Analyze"
"IQV","IQVIA Holdings, Inc.","Common stocks","Large cap","Health Care","$42,707,028,667","0.00%","38.90","3.04","7.09","Analyze"
"VLO","Valero Energy Corp","Common stocks","Large cap","Energy","$42,503,241,726","3.71%","16.73","0.32","2.26","Analyze"
"O","Realty Income Corporation","REITs","Large cap","Real Estate","$42,460,808,437","4.07%","92.73","17.37","1.68","Analyze"
"EXC","Exelon Corp","Common stocks","Large cap","Utilities","$42,400,725,236","2.79%","16.65","1.33","1.84","Analyze"
"FCX","Freeport-McMoRan, Inc.","Common stocks","Large cap","Materials","$41,898,175,464","1.03%","7.87","1.70","2.71","Analyze"
"APH","Amphenol Corp","Common stocks","Large cap","Information Technology","$41,769,839,754","1.06%","24.71","3.65","6.49","Analyze"
"AZO","Autozone Inc","Common stocks","Large cap","Consumer Discretionary","$41,679,102,361","0.00%","17.37","2.67","-13.34","Analyze"
"ADM","Archer-Daniels-Midland Company","Common stocks","Large cap","Consumer Staples","$41,651,630,320","2.07%","13.52","0.46","1.75","Analyze"
"RSG","Republic Services Inc","Common stocks","Large cap","Industrials","$41,457,521,322","1.39%","30.74","3.55","4.61","Analyze"
"NEM","Newmont Corporation","Common stocks","Large cap","Materials","$41,341,287,831","4.17%","38.66","3.34","1.90","Analyze"
"PSX","Phillips 66","Common stocks","Large cap","Energy","$40,994,533,215","4.29%","15.96","0.33","1.86","Analyze"
"CTAS","Cintas Corp","Common stocks","Large cap","Industrials","$40,928,941,151","0.95%","33.62","5.37","12.32","Analyze"
"AIG","American International Group Inc","Common stocks","Large cap","Financials","$40,900,871,514","2.46%","4.17","0.77","0.73","Analyze"
"TEL","TE Connectivity Ltd","Common stocks","Large cap","Information Technology","$40,213,736,088","1.65%","15.86","2.60","3.80","Analyze"
"KMI","Kinder Morgan Inc","Common stocks","Large cap","Energy","$40,043,564,792","6.02%","38.41","2.55","1.31","Analyze"
"WMB","Williams Inc","Common stocks","Large cap","Energy","$39,475,755,988","5.06%","26.83","3.61","3.48","Analyze"
"CTVA","Corteva, Inc.","Common stocks","Large cap","Materials","$38,992,956,000","1.04%","22.69","2.43","1.52","Analyze"
"DLTR","Dollar Tree Inc","Common stocks","Large cap","Consumer Discretionary","$38,551,780,260","0.00%","27.20","1.46","5.00","Analyze"
"CMG","Chipotle Mexican Grill Inc","Common stocks","Large cap","Consumer Discretionary","$38,253,747,362","0.00%","55.07","4.89","17.65","Analyze"
"A","Agilent Technologies Inc","Common stocks","Large cap","Health Care","$37,992,677,643","0.65%","31.00","5.89","7.25","Analyze"
"TRV","Travelers Companies Inc","Common stocks","Large cap","Financials","$37,633,083,944","2.26%","9.56","1.07","1.47","Analyze"
"DOW","Dow Inc.","Common stocks","Large cap","Materials","$37,424,434,679","5.36%","5.37","0.64","1.96","Analyze"
"MSI","Motorola Solutions Inc","Common stocks","Large cap","Information Technology","$37,176,737,340","1.38%","29.18","4.48","-117.09","Analyze"
"DVN","Devon Energy Corp","Common stocks","Large cap","Energy","$37,092,000,000","5.64%","10.16","2.66","3.92","Analyze"
"WELL","Welltower Inc","REITs","Large cap","Real Estate","$36,921,199,059","0.75%","115.16","7.30","2.10","Analyze"
"XEL","Xcel Energy Inc","Common stocks","Large cap","Utilities","$36,873,027,327","2.76%","23.16","2.70","2.38","Analyze"
"MCHP","Microchip Technology Inc","Common stocks","Large cap","Information Technology","$36,574,453,510","1.81%","27.82","5.36","6.07","Analyze"
"EA","Electronic Arts Inc","Common stocks","Large cap","Communication Services","$36,406,178,754","0.54%","46.12","5.21","4.77","Analyze"
"MSCI","MSCI Inc","Common stocks","Large cap","Financials","$36,364,951,240","0.93%","47.19","17.11","-40.66","Analyze"
"PRU","Prudential Financial Inc","Common stocks","Large cap","Financials","$36,026,250,000","4.81%","7.42","0.54","0.81","Analyze"
"CTSH","Cognizant Technology Solutions","Common stocks","Large cap","Information Technology","$35,950,571,345","1.48%","16.41","1.90","3.01","Analyze"
"AJG","Arthur J Gallagher","Common stocks","Large cap","Financials","$35,627,532,800","1.16%","36.68","4.21","3.93","Analyze"
"DLR","Digital Realty Trust, Inc","REITs","Large cap","Real Estate","$35,612,512,486","3.76%","26.43","7.98","2.05","Analyze"
"AFL","Aflac Inc","Common stocks","Large cap","Financials","$35,448,374,526","2.63%","8.76","1.67","1.21","Analyze"
"JCI","Johnson Controls International Plc","Common stocks","Large cap","Industrials","$35,312,153,110","2.56%","28.60","1.43","2.14","Analyze"
"WBD","Warner Bros. Discovery, Inc. - Series A","Common stocks","Large cap","Communication Services","$35,213,512,317","0.00%","28.60","2.80","2.97","Analyze"
"BK","Bank Of New York Mellon Corp","Common stocks","Large cap","Financials","$35,123,067,606","3.10%","10.17","2.25","0.83","Analyze"
"HPQ","HP Inc","Common stocks","Large cap","Information Technology","$34,602,264,239","2.79%","5.15","0.53","-14.42","Analyze"
"SBAC","SBA Communications Corporation","REITs","Large cap","Real Estate","$34,563,524,008","0.80%","78.98","14.52","-6.38","Analyze"
"PH","Parker-Hannifin Corp","Common stocks","Large cap","Industrials","$34,442,209,746","1.64%","20.32","2.20","3.84","Analyze"
"YUM","Yum Brands Inc","Common stocks","Large cap","Consumer Discretionary","$34,290,948,032","1.77%","20.67","5.16","-4.01","Analyze"
"SPG","Simon Property Group, Inc","REITs","Large cap","Real Estate","$34,257,287,143","6.11%","15.30","6.62","10.47","Analyze"
"NUE","Nucor Corp","Common stocks","Large cap","Materials","$34,194,283,613","1.47%","4.00","0.86","2.10","Analyze"
"RMD","Resmed Inc","Common stocks","Large cap","Health Care","$34,071,158,996","0.72%","43.49","9.91","10.34","Analyze"
"HLT","Hilton Worldwide Holdings Inc","Common stocks","Large cap","Consumer Discretionary","$33,948,116,229","0.12%","46.07","5.12","-48.18","Analyze"
"BF.B","Brown Forman Inc Class B","Common stocks","Large cap","Consumer Staples","$33,892,273,828","1.04%","26.94","9.04","8.63","Analyze"
"GPN","Global Payments Inc","Common stocks","Large cap","Information Technology","$33,860,769,135","0.83%","32.98","3.90","1.33","Analyze"
"IDXX","Idexx Laboratories Inc","Common stocks","Large cap","Health Care","$33,464,281,266","0.00%","45.00","10.22","51.67","Analyze"
"BAX","Baxter International Inc","Common stocks","Large cap","Health Care","$33,247,998,608","1.70%","31.52","2.45","3.67","Analyze"
"WBA","Walgreen Boots Alliance Inc","Common stocks","Large cap","Consumer Staples","$33,239,310,797","4.89%","5.31","0.24","1.25","Analyze"
"KR","Kroger","Common stocks","Large cap","Consumer Staples","$33,116,134,433","1.80%","30.38","0.00","3.50","Analyze"
"ANET","Arista Networks Inc","Common stocks","Large cap","Information Technology","$32,660,521,851","0.00%","33.84","10.34","7.60","Analyze"
"ILMN","Illumina Inc","Common stocks","Large cap","Health Care","$32,519,700,000","0.00%","45.27","6.98","2.91","Analyze"
"CARR","Carrier Global Corporation","Common stocks","Large cap","Industrials","$32,462,211,849","1.48%","12.28","1.58","4.60","Analyze"
"TT","Trane Technologies plc","Common stocks","Large cap","Industrials","$32,354,585,372","1.81%","22.48","2.24","5.43","Analyze"
"TDG","Transdigm Group Inc","Common stocks","Large cap","Industrials","$32,267,537,606","0.00%","35.73","6.43","-10.95","Analyze"
"ED","Consolidated Edison Inc","Common stocks","Large cap","Utilities","$32,177,066,269","3.40%","21.42","2.29","1.61","Analyze"
"HES","Hess Corp","Common stocks","Large cap","Energy","$32,172,096,858","1.20%","43.59","4.08","5.00","Analyze"
"ODFL","Old Dominion Freight Line Inc","Common stocks","Large cap","Industrials","$31,986,163,997","0.35%","27.87","5.68","9.03","Analyze"
"ALL","Allstate Corp","Common stocks","Large cap","Financials","$31,870,529,468","2.84%","9.07","0.63","1.38","Analyze"
"VICI","VICI Properties Inc","REITs","Large cap","Real Estate","$31,769,439,708","4.28%","32.34","20.47","2.07","Analyze"
"IFF","International Flavors & Fragrances","Common stocks","Large cap","Materials","$31,174,334,620","2.56%","56.04","2.51","1.49","Analyze"
"BIIB","Biogen Inc","Common stocks","Large cap","Health Care","$31,062,898,841","0.00%","20.65","2.87","2.66","Analyze"
"OTIS","Otis Worldwide Corporation","Common stocks","Large cap","Industrials","$30,842,853,450","1.38%","24.34","2.16","-6.04","Analyze"
"MTB","M&T Bank Corp","Common stocks","Large cap","Financials","$30,361,020,889","2.76%","17.95","5.10","1.70","Analyze"
"WEC","WEC Energy Group Inc","Common stocks","Large cap","Utilities","$30,354,264,918","2.89%","22.76","3.56","2.74","Analyze"
"LVS","Las Vegas Sands Corp","Common stocks","Large cap","Consumer Discretionary","$30,197,594,122","0.00%","16.13","7.59","6.58","Analyze"
"TWTR","Twitter Inc","Common stocks","Large cap","Communication Services","$30,176,584,104","0.00%","135.89","5.76","5.15","Analyze"
"TSN","Tyson Foods Inc Class A","Common stocks","Large cap","Consumer Staples","$29,939,261,920","2.21%","5.90","0.58","1.26","Analyze"
"ABC","AmerisourceBergen Corp","Common stocks","Large cap","Health Care","$29,773,220,067","1.27%","17.28","0.13","54.24","Analyze"
"PEG","Public Service Enterprise Group Inc","Common stocks","Large cap","Utilities","$29,755,829,010","3.48%","-23.12","3.25","2.21","Analyze"
"ENPH","Enphase Energy Inc","Common stocks","Large cap","Information Technology","$29,676,506,367","0.00%","172.52","19.50","86.30","Analyze"
"GLW","Corning Inc","Common stocks","Large cap","Information Technology","$29,434,745,555","2.90%","26.76","2.03","2.34","Analyze"
"CPRT","Copart Inc","Common stocks","Large cap","Industrials","$29,404,851,103","0.00%","26.78","8.74","6.66","Analyze"
"PCAR","Paccar Inc","Common stocks","Large cap","Industrials","$29,379,232,259","1.59%","14.78","1.22","2.43","Analyze"
"DD","DuPont de Nemours, Inc.","Common stocks","Large cap","Materials","$29,362,322,939","2.17%","18.65","1.84","1.11","Analyze"
"ROST","Ross Stores Inc","Common stocks","Large cap","Consumer Discretionary","$29,257,346,388","1.42%","25.62","1.54","7.17","Analyze"
"VRSK","Verisk Analytics Inc","Common stocks","Large cap","Industrials","$29,166,076,942","0.65%","29.08","9.57","10.97","Analyze"
"CMI","Cummins Inc","Common stocks","Large cap","Industrials","$29,084,493,018","2.81%","14.88","1.20","3.43","Analyze"
"PPG","PPG Industries Inc","Common stocks","Large cap","Materials","$29,040,094,964","1.91%","27.96","1.69","4.85","Analyze"
"ES","Eversource Energy","Common stocks","Large cap","Utilities","$28,631,782,851","2.99%","22.34","2.72","1.95","Analyze"
"LYB","Lyondellbasell Industries NV","Common stocks","Large cap","Materials","$28,509,650,515","5.19%","4.86","0.57","2.24","Analyze"
"MTD","Mettler Toledo Inc","Common stocks","Large cap","Health Care","$28,198,724,921","0.00%","35.08","7.40","329.09","Analyze"
"DFS","Discover Financial Services","Common stocks","Large cap","Financials","$28,096,509,600","2.09%","5.61","2.30","2.09","Analyze"
"FAST","Fastenal","Common stocks","Large cap","Industrials","$28,021,338,142","2.40%","28.30","4.45","8.86","Analyze"
"FRC","First Republic Bank","Common stocks","Large cap","Financials","$28,009,305,900","0.57%","19.98","5.37","1.76","Analyze"
"TROW","T Rowe Price Group Inc","Common stocks","Large cap","Financials","$27,884,749,219","3.67%","9.62","3.62","3.04","Analyze"
"KEYS","Keysight Technologies Inc","Common stocks","Large cap","Information Technology","$27,603,703,208","0.00%","26.49","5.37","7.17","Analyze"
"AVB","AvalonBay Communities, Inc","REITs","Large cap","Real Estate","$27,411,362,815","3.21%","24.66","11.63","2.53","Analyze"
"EQR","Equity Residential","REITs","Large cap","Real Estate","$27,325,795,408","3.34%","20.52","10.84","2.55","Analyze"
"APTV","Aptiv Plc","Common stocks","Large cap","Consumer Discretionary","$27,204,174,179","0.00%","82.40","1.72","3.15","Analyze"
"AMP","Ameriprise Finance Inc","Common stocks","Large cap","Financials","$26,963,967,086","1.88%","8.73","1.95","5.38","Analyze"
"AME","Ametek Inc","Common stocks","Large cap","Industrials","$26,700,124,341","0.72%","25.53","4.61","3.84","Analyze"
"DHI","D R Horton Inc","Common stocks","Large cap","Consumer Discretionary","$26,694,453,933","1.15%","5.41","0.88","1.62","Analyze"
"ON","ON Semiconductor Corp","Common stocks","Large cap","Information Technology","$26,578,711,406","0.00%","17.81","3.69","5.17","Analyze"
"CBRE","CBRE Group Inc","Common stocks","Large cap","Real Estate","$26,560,688,618","0.00%","13.70","0.91","3.17","Analyze"
"AWK","American Water Works Inc","Common stocks","Large cap","Utilities","$26,526,890,632","1.68%","20.92","6.83","3.61","Analyze"
"WY","Weyerhaeuser Company","REITs","Large cap","Real Estate","$26,429,679,000","1.92%","9.80","2.45","2.58","Analyze"
"ALB","Albemarle Corp","Common stocks","Large cap","Materials","$26,420,623,315","0.69%","92.17","7.29","4.45","Analyze"
"EBAY","Ebay Inc","Common stocks","Large cap","Consumer Discretionary","$26,116,635,598","1.71%","2.25","2.54","3.70","Analyze"
"OKE","Oneok Inc","Common stocks","Large cap","Energy","$26,082,376,210","6.27%","17.22","1.39","4.32","Analyze"
"HRL","Hormel Foods Corp","Common stocks","Large cap","Consumer Staples","$25,817,508,532","2.15%","28.06","2.16","3.66","Analyze"
"BKR","Baker Hughes Company Class A","Common stocks","Large cap","Energy","$25,798,180,800","1.44%","77.48","1.25","1.51","Analyze"
"SIVB","SVB Financial Group","Common stocks","Large cap","Financials","$25,669,113,510","0.00%","12.44","4.57","1.33","Analyze"
"ROK","Rockwell Automation Inc","Common stocks","Large cap","Industrials","$25,635,675,744","2.00%","39.96","3.50","9.79","Analyze"
"HAL","Halliburton","Common stocks","Large cap","Energy","$25,381,601,882","1.17%","15.98","1.57","3.53","Analyze"
"STT","State Street Corp","Common stocks","Large cap","Financials","$24,897,753,542","3.32%","9.39","2.19","0.95","Analyze"
"EFX","Equifax Inc","Common stocks","Large cap","Industrials","$24,535,531,467","0.78%","32.14","4.84","6.41","Analyze"
"LUV","Southwest Airlines","Common stocks","Large cap","Industrials","$24,245,988,750","0.00%","40.86","1.32","2.29","Analyze"
"GWW","W.W. Grainger Inc","Common stocks","Large cap","Industrials","$24,187,440,551","1.38%","20.68","1.78","11.64","Analyze"
"ARE","Alexandria Real Estate Equities, Inc","REITs","Large cap","Real Estate","$24,187,261,046","3.07%","60.84","10.75","1.45","Analyze"
"K","Kellogg","Common stocks","Large cap","Consumer Staples","$23,732,170,230","3.28%","15.59","1.66","6.33","Analyze"
"EXR","Extra Space Storage Inc","REITs","Large cap","Real Estate","$23,556,716,191","3.10%","28.84","14.17","7.44","Analyze"
"DTE","DTE Energy","Common stocks","Large cap","Utilities","$23,543,183,452","2.83%","26.55","1.46","2.71","Analyze"
"WST","West Pharmaceutical Services Inc","Common stocks","Large cap","Health Care","$23,452,340,342","0.23%","33.95","8.14","9.99","Analyze"
"FITB","Fifth Third Bancorp","Common stocks","Large cap","Financials","$23,418,687,046","3.46%","9.37","3.32","1.14","Analyze"
"LEN","Lennar Corporation Class A","Common stocks","Large cap","Consumer Discretionary","$23,324,052,541","1.66%","5.39","0.83","1.02","Analyze"
"CDW","CDW Corp","Common stocks","Large cap","Information Technology","$23,138,567,050","1.10%","22.84","1.06","25.73","Analyze"
"EIX","Edison International","Common stocks","Large cap","Utilities","$23,137,176,261","4.48%","39.99","1.45","1.48","Analyze"
"LH","Laboratory Corporation Of America","Common stocks","Large cap","Health Care","$23,090,643,000","0.29%","10.88","1.46","2.13","Analyze"
"BALL","Ball Corporation","Common stocks","Large cap","Materials","$22,967,237,721","1.11%","20.12","1.59","5.80","Analyze"
"ZBH","Zimmer Biomet Holdings Inc","Common stocks","Large cap","Health Care","$22,728,663,282","0.88%","55.84","2.97","1.87","Analyze"
"DRE","Duke Realty Corporation","REITs","Large cap","Real Estate","$22,721,298,006","1.84%","22.46","20.75","3.68","Analyze"
"ANSS","Ansys Inc","Common stocks","Large cap","Information Technology","$22,632,219,520","0.00%","49.94","11.50","5.19","Analyze"
"CHD","Church And Dwight Inc","Common stocks","Large cap","Consumer Staples","$22,623,841,139","1.10%","28.15","4.31","6.71","Analyze"
"CTRA","Coterra Energy Inc.","Common stocks","Large cap","Energy","$22,610,892,762","1.88%","13.61","4.84","1.91","Analyze"
"WTW","Willis Towers Watson Public Limited Company","Common stocks","Large cap","Financials","$22,510,590,336","1.60%","5.21","2.47","2.05","Analyze"
"ALGN","Align Technology Inc","Common stocks","Large cap","Health Care","$22,399,688,679","0.00%","29.68","5.56","5.71","Analyze"
"AEE","Ameren Corp","Common stocks","Large cap","Utilities","$22,287,529,733","2.62%","22.38","3.32","2.30","Analyze"
"TSCO","Tractor Supply","Common stocks","Large cap","Consumer Discretionary","$22,199,552,628","1.44%","21.74","1.71","12.18","Analyze"
"MKC","McCormick & Co  Non-voting","Common stocks","Large cap","Consumer Staples","$22,138,673,664","1.74%","28.15","3.48","4.58","Analyze"
"STE","STERIS PLC","Common stocks","Large cap","Health Care","$21,988,583,611","0.78%","89.26","4.80","3.33","Analyze"
"ETR","Entergy Corp","Common stocks","Large cap","Utilities","$21,956,290,292","3.64%","20.98","1.86","1.89","Analyze"
"FE","Firstenergy Corp","Common stocks","Large cap","Utilities","$21,592,658,073","4.07%","17.70","1.89","2.50","Analyze"
"MTCH","Match Group Inc","Common stocks","Large cap","Communication Services","$21,328,067,616","0.00%","72.61","6.85","-168.42","Analyze"
"ULTA","Ulta Beauty Inc","Common stocks","Large cap","Consumer Discretionary","$21,311,218,060","0.00%","21.36","2.47","13.72","Analyze"
"MPWR","Monolithic Power Systems Inc","Common stocks","Large cap","Information Technology","$21,270,607,290","0.59%","73.71","15.98","15.35","Analyze"
"FTV","Fortive Corp","Common stocks","Large cap","Industrials","$21,073,151,982","0.48%","32.49","3.92","2.19","Analyze"
"WAT","Waters Corp","Common stocks","Large cap","Health Care","$21,051,045,924","0.00%","29.55","7.34","55.54","Analyze"
"LYV","Live Nation Entertainment Inc","Common stocks","Large cap","Communication Services","$20,881,528,120","0.00%","-46.57","2.68","-40.33","Analyze"
"GRMN","Garmin Ltd","Common stocks","Large cap","Consumer Discretionary","$20,836,260,134","1.91%","18.88","4.10","3.24","Analyze"
"VMC","Vulcan Materials","Common stocks","Large cap","Materials","$20,792,906,282","0.98%","34.25","3.45","3.15","Analyze"
"HIG","Hartford Financial Services Group","Common stocks","Large cap","Financials","$20,738,203,189","2.38%","8.24","0.96","1.32","Analyze"
"IT","Gartner Inc","Common stocks","Large cap","Information Technology","$20,684,843,698","0.00%","25.48","4.23","172.96","Analyze"
"FANG","Diamondback Energy Inc","Common stocks","Large cap","Energy","$20,583,820,417","1.93%","7.35","2.57","1.58","Analyze"
"MLM","Martin Marietta Materials Inc","Common stocks","Large cap","Materials","$20,561,899,745","0.74%","30.90","3.63","3.16","Analyze"
"VTR","Ventas, Inc","REITs","Large cap","Real Estate","$20,500,382,554","3.47%","142.78","5.21","1.93","Analyze"
"DAL","Delta Air Lines Inc","Common stocks","Large cap","Industrials","$20,492,685,459","0.00%","38.96","0.58","6.72","Analyze"
"VRSN","Verisign Inc","Common stocks","Large cap","Information Technology","$20,458,586,101","0.00%","25.63","15.14","-15.80","Analyze"
"NTRS","Northern Trust Corporation","Common stocks","Large cap","Financials","$20,319,115,566","2.84%","13.45","3.18","1.78","Analyze"
"GPC","Genuine Parts","Common stocks","Large cap","Consumer Discretionary","$20,184,393,907","2.38%","22.07","1.02","5.69","Analyze"
"RJF","Raymond James Inc","Common stocks","Large cap","Financials","$20,085,657,716","1.32%","13.25","1.92","2.32","Analyze"
"PPL","PPL Corporation","Common stocks","Large cap","Utilities","$20,045,997,992","4.53%","31.77","3.30","1.45","Analyze"
"URI","United Rentals Inc","Common stocks","Large cap","Industrials","$20,036,184,103","0.00%","12.67","1.97","3.23","Analyze"
"PAYC","Paycom Software Inc","Common stocks","Large cap","Information Technology","$19,942,266,049","0.00%","87.58","17.54","19.38","Analyze"
"MAA","Mid-America Apartment Communities, Inc","REITs","Large cap","Real Estate","$19,899,719,274","2.56%","33.85","10.88","3.39","Analyze"
"CTLT","Catalent Inc","Common stocks","Large cap","Health Care","$19,731,377,394","0.00%","39.76","4.20","4.16","Analyze"
"HBAN","Huntington Bancshares Inc","Common stocks","Large cap","Financials","$19,198,589,951","4.53%","17.29","3.06","1.02","Analyze"
"PWR","Quanta Services Inc","Common stocks","Large cap","Industrials","$19,133,417,458","0.20%","39.77","1.34","3.72","Analyze"
"RF","Regions Financial Corp","Common stocks","Large cap","Financials","$19,035,758,217","3.30%","8.35","3.27","1.14","Analyze"
"AMCR","Amcor plc","Common stocks","Large cap","Materials","$18,994,971,126","3.74%","19.89","1.35","4.19","Analyze"
"TDY","Teledyne Technologies Inc","Common stocks","Large cap","Information Technology","$18,929,665,730","0.00%","32.76","3.69","2.40","Analyze"
"EPAM","Epam Systems Inc","Common stocks","Large cap","Information Technology","$18,912,452,932","0.00%","39.97","4.56","7.24","Analyze"
"FOX","Fox Corporation Class B","Common stocks","Large cap","Communication Services","$18,838,375,242","1.48%","6.93","1.36","0.71","Analyze"
"FOXA","Fox Corporation Class A","Common stocks","Large cap","Communication Services","$18,838,375,242","1.37%","9.51","1.36","0.98","Analyze"
"PKI","Perkinelmer Inc","Common stocks","Large cap","Health Care","$18,664,928,065","0.19%","25.35","3.72","2.57","Analyze"
"CFG","Citizens Financial Group Inc","Common stocks","Large cap","Financials","$18,599,044,079","4.10%","9.14","2.80","0.83","Analyze"
"CMS","CMS Energy Corp","Common stocks","Large cap","Utilities","$18,545,052,264","2.77%","18.93","2.41","1.93","Analyze"
"CNP","Centerpoint Energy Inc","Common stocks","Large cap","Utilities","$18,455,438,435","2.29%","11.87","2.15","1.88","Analyze"
"VFC","VF Corp","Common stocks","Large cap","Consumer Discretionary","$18,375,091,702","4.15%","13.21","1.58","5.05","Analyze"
"DOV","Dover Corp","Common stocks","Large cap","Industrials","$18,372,186,755","1.56%","16.60","2.27","4.28","Analyze"
"INCY","Incyte Corp","Common stocks","Large cap","Health Care","$18,353,905,211","0.00%","19.21","5.89","4.64","Analyze"
"BR","Broadridge Financial Solutions Inc","Common stocks","Large cap","Information Technology","$18,275,663,109","1.63%","33.21","3.31","10.05","Analyze"
"HPE","Hewlett Packard Enterprise","Common stocks","Large cap","Information Technology","$18,268,586,197","4.21%","4.81","0.65","0.88","Analyze"
"IR","Ingersoll Rand Plc","Common stocks","Large cap","Industrials","$18,250,607,000","0.13%","14.85","3.41","2.01","Analyze"
"CLX","Clorox","Common stocks","Large cap","Consumer Staples","$18,209,684,964","3.10%","39.73","2.56","45.49","Analyze"
"JBHT","JB Hunt Transport Services Inc","Common stocks","Large cap","Industrials","$18,011,220,001","0.81%","21.23","1.38","5.60","Analyze"
"ROL","Rollins Inc","Common stocks","Large cap","Industrials","$17,973,919,680","1.03%","54.34","7.25","16.22","Analyze"
"STX","Seagate Technology Plc","Common stocks","Large cap","Information Technology","$17,963,104,248","3.27%","12.35","1.54","39.21","Analyze"
"HOLX","Hologic Inc","Common stocks","Large cap","Health Care","$17,927,996,208","0.00%","11.33","3.33","3.67","Analyze"
"CF","CF Industries Holdings Inc","Common stocks","Large cap","Materials","$17,795,812,733","1.52%","10.73","2.13","4.42","Analyze"
"MOH","Molina Healthcare Inc","Common stocks","Large cap","Health Care","$17,757,924,000","0.00%","25.70","0.61","6.34","Analyze"
"CINF","Cincinnati Financial Corp","Common stocks","Large cap","Financials","$17,752,929,395","2.37%","8.66","2.06","1.47","Analyze"
"CEG","Constellation Energy Corporation","Common stocks","Large cap","Utilities","$17,694,014,428","0.52%","-28.18","0.84","1.59","Analyze"
"ESS","Essex Property Trust, Inc","REITs","Large cap","Real Estate","$17,614,436,601","3.15%","45.48","12.00","3.00","Analyze"
"BBY","Best Buy Inc","Common stocks","Large cap","Consumer Discretionary","$17,608,169,427","3.98%","10.05","0.00","5.73","Analyze"
"BRO","Brown & Brown Inc","Common stocks","Large cap","Financials","$17,602,541,723","0.64%","28.79","5.61","4.03","Analyze"
"SWK","Stanley Black & Decker Inc","Common stocks","Large cap","Industrials","$17,472,646,392","2.71%","12.91","1.10","1.87","Analyze"
"ZBRA","Zebra Technologies Corp","Common stocks","Large cap","Information Technology","$17,442,467,638","0.00%","21.08","3.05","5.90","Analyze"
"MOS","Mosaic","Common stocks","Large cap","Materials","$17,440,837,772","0.85%","6.49","1.25","1.48","Analyze"
"SWKS","Skyworks Solutions Inc","Common stocks","Large cap","Information Technology","$17,404,161,392","2.06%","12.46","3.43","3.29","Analyze"
"FLT","Fleetcor Technologies Inc","Common stocks","Large cap","Information Technology","$17,085,360,104","0.00%","19.38","5.67","5.83","Analyze"
"WRB","WR Berkley Corp","Common stocks","Large cap","Financials","$17,073,151,865","0.56%","12.01","1.67","2.42","Analyze"
"KEY","Keycorp","Common stocks","Large cap","Financials","$17,026,918,068","4.16%","7.17","2.44","1.10","Analyze"
"EXPD","Expeditors International Of Washington","Common stocks","Large cap","Industrials","$17,020,309,071","1.23%","11.51","0.95","4.42","Analyze"
"PARA","Paramount Global - Class B","Common stocks","Large cap","Communication Services","$17,019,446,585","3.67%","3.78","0.60","0.68","Analyze"
"COO","Cooper Companies, Inc.","Common stocks","Large cap","Health Care","$16,849,228,728","0.02%","16.47","5.56","2.23","Analyze"
"NDAQ","Nasdaq Inc","Common stocks","Large cap","Financials","$16,630,339,188","1.27%","14.08","2.88","2.74","Analyze"
"J","Jacobs Engineering Group Inc.","Common stocks","Large cap","Industrials","$16,595,490,117","0.68%","44.49","1.15","2.74","Analyze"
"TER","Teradyne Inc","Common stocks","Large cap","Information Technology","$16,464,064,057","0.41%","16.47","4.48","6.50","Analyze"
"SYF","Synchrony Financial","Common stocks","Large cap","Financials","$16,378,624,469","2.67%","4.01","1.04","1.19","Analyze"
"PFG","Principal Financial Group Inc","Common stocks","Large cap","Financials","$16,341,088,960","3.89%","10.29","1.15","1.36","Analyze"
"SEDG","SolarEdge Technologies Inc","Common stocks","Large cap","Information Technology","$16,227,366,759","0.00%","92.92","7.33","7.96","Analyze"
"TRMB","Trimble Inc","Common stocks","Large cap","Information Technology","$16,131,688,019","0.00%","32.34","4.28","3.96","Analyze"
"IP","International Paper","Common stocks","Large cap","Materials","$16,037,131,499","4.27%","9.08","0.83","1.80","Analyze"
"GNRC","Generac Holdings Inc","Common stocks","Large cap","Industrials","$15,949,828,156","0.00%","29.72","3.92","6.64","Analyze"
"CAG","Conagra Brands Inc","Common stocks","Large cap","Consumer Staples","$15,922,260,961","3.72%","15.54","1.40","1.84","Analyze"
"DGX","Quest Diagnostics Inc","Common stocks","Large cap","Health Care","$15,800,853,720","1.90%","8.20","1.48","2.41","Analyze"
"WDC","Western Digital Corp","Common stocks","Large cap","Information Technology","$15,793,053,062","0.00%","8.12","0.82","1.23","Analyze"
"WAB","Westinghouse Air Brake Technologies","Common stocks","Large cap","Industrials","$15,766,145,666","0.62%","26.41","1.99","1.56","Analyze"
"BIO","Bio Rad Laboratories Inc Class A","Common stocks","Large cap","Health Care","$15,747,610,733","0.00%","-129.06","5.44","1.28","Analyze"
"MRO","Marathon Oil Corp","Common stocks","Large cap","Energy","$15,682,429,435","1.17%","7.15","2.54","1.35","Analyze"
"ATO","Atmos Energy Corp","Common stocks","Large cap","Utilities","$15,655,870,651","2.37%","21.73","4.12","1.75","Analyze"
"FDS","Factset Research Systems Inc","Common stocks","Large cap","Financials","$15,611,531,844","0.81%","36.96","9.36","12.74","Analyze"
"NTAP","NetApp Inc","Common stocks","Large cap","Information Technology","$15,598,348,700","2.81%","15.14","2.52","17.37","Analyze"
"EXPE","Expedia Inc","Common stocks","Large cap","Consumer Discretionary","$15,516,669,178","0.00%","70.06","1.62","7.25","Analyze"
"TYL","Tyler Technologies Inc","Common stocks","Large cap","Information Technology","$15,385,496,634","0.00%","92.63","8.77","6.38","Analyze"
"TTWO","Take Two Interactive Software Inc","Common stocks","Large cap","Communication Services","$15,318,031,828","0.00%","36.13","4.37","3.96","Analyze"
"CAH","Cardinal Health Inc","Common stocks","Large cap","Health Care","$15,291,347,829","3.46%","-16.26","0.09","-22.27","Analyze"
"KMX","Carmax Inc","Common stocks","Large cap","Consumer Discretionary","$15,281,526,892","0.00%","13.04","0.48","2.87","Analyze"
"DRI","Darden Restaurants Inc","Common stocks","Large cap","Consumer Discretionary","$15,178,921,835","3.66%","14.56","1.63","6.62","Analyze"
"LKQ","LKQ Corp","Common stocks","Large cap","Consumer Discretionary","$15,097,622,230","1.41%","13.68","1.14","2.60","Analyze"
"AKAM","Akamai Technologies Inc","Common stocks","Large cap","Information Technology","$15,092,733,921","0.00%","24.53","4.29","3.51","Analyze"
"NVR","NVR, Inc.","Common stocks","Large cap","Consumer Discretionary","$14,976,796,605","0.00%","10.59","1.61","5.49","Analyze"
"XYL","Xylem Inc","Common stocks","Large cap","Industrials","$14,940,491,388","1.39%","35.99","2.87","4.75","Analyze"
"IEX","IDEX Corp","Common stocks","Large cap","Industrials","$14,641,720,132","1.18%","30.73","5.11","5.05","Analyze"
"DPZ","Dominos Pizza Inc","Common stocks","Large cap","Consumer Discretionary","$14,621,320,978","1.00%","29.76","3.33","-3.43","Analyze"
"UDR","UDR, Inc","REITs","Large cap","Real Estate","$14,547,746,670","3.22%","94.02","10.80","4.33","Analyze"
"EVRG","Evergy Inc","Common stocks","Large cap","Utilities","$14,542,038,350","3.55%","18.21","2.80","1.60","Analyze"
"HWM","Howmet Aerospace Inc.","Common stocks","Large cap","Industrials","$14,522,514,593","0.23%","46.77","2.85","4.15","Analyze"
"TECH","Bio-Techne Corp","Common stocks","Large cap","Health Care","$14,520,714,756","0.35%","63.18","13.49","8.31","Analyze"
"NLOK","NortonLifeLock Inc.","Common stocks","Large cap","Information Technology","$14,507,402,341","1.98%","23.27","5.19","-158.61","Analyze"
"JKHY","Jack Henry & Associates, Inc.","Common stocks","Large cap","Information Technology","$14,477,382,533","0.95%","40.49","7.58","10.95","Analyze"
"PEAK","Healthpeak Properties, Inc.","REITs","Large cap","Real Estate","$14,384,593,699","4.44%","33.74","7.42","2.26","Analyze"
"AVY","Avery Dennison Corp","Common stocks","Large cap","Materials","$14,384,165,765","1.58%","19.65","1.65","7.41","Analyze"
"CPT","Camden Property Trust","REITs","Large cap","Real Estate","$14,335,576,128","2.61%","40.96","12.07","3.43","Analyze"
"CPB","Campbell Soup","Common stocks","Large cap","Consumer Staples","$14,310,405,078","3.07%","15.62","1.72","4.29","Analyze"
"POOL","Pool Corp","Common stocks","Large cap","Consumer Discretionary","$14,289,075,643","0.95%","19.90","2.53","12.39","Analyze"
"LNT","Alliant Energy Corp","Common stocks","Large cap","Utilities","$14,182,895,004","2.90%","21.18","3.70","2.37","Analyze"
"OMC","Omnicom Group Inc","Common stocks","Large cap","Communication Services","$14,181,264,413","3.99%","11.38","0.99","4.71","Analyze"
"L","Loews Corp","Common stocks","Large cap","Financials","$14,126,601,783","0.44%","8.48","1.04","0.85","Analyze"
"SJM","J.M. Smucker","Common stocks","Large cap","Consumer Staples","$13,962,933,644","3.04%","24.49","1.77","1.71","Analyze"
"TXT","Textron Inc","Common stocks","Large cap","Industrials","$13,859,968,947","0.12%","18.40","1.11","2.01","Analyze"
"BXP","Boston Properties, Inc","REITs","Large cap","Real Estate","$13,792,239,666","4.39%","25.34","4.71","2.37","Analyze"
"LDOS","Leidos Holdings Inc","Common stocks","Large cap","Industrials","$13,787,838,664","1.42%","37.07","0.00","3.51","Analyze"
"IRM","Iron Mountain Incorporated","REITs","Large cap","Real Estate","$13,731,938,286","5.14%","30.80","2.95","18.16","Analyze"
"MGM","MGM Resorts International","Common stocks","Large cap","Consumer Discretionary","$13,395,083,054","0.03%","8.61","1.23","2.60","Analyze"
"FMC","FMC Corp","Common stocks","Large cap","Materials","$13,321,856,510","1.94%","17.52","2.56","4.36","Analyze"
"AES","AES Corp","Common stocks","Large cap","Utilities","$13,297,085,532","3.07%","-90.25","1.17","4.33","Analyze"
"PKG","Packaging Corp Of America","Common stocks","Large cap","Materials","$13,293,385,272","2.96%","14.40","1.65","3.51","Analyze"
"MAS","Masco Corp","Common stocks","Large cap","Industrials","$13,283,446,772","1.82%","24.20","1.54","-35.81","Analyze"
"KIM","Kimco Realty Corporation","REITs","Large cap","Real Estate","$13,231,525,888","3.37%","14.46","8.77","1.32","Analyze"
"CBOE","Cboe Global Markets, Inc.","Common stocks","Large cap","Financials","$13,167,382,680","1.54%","26.27","3.81","3.68","Analyze"
"PTC","PTC Inc","Common stocks","Large cap","Information Technology","$13,164,472,738","0.00%","27.10","7.01","6.24","Analyze"
"ABMD","Abiomed Inc","Common stocks","Large cap","Health Care","$12,994,680,965","0.00%","57.00","12.59","8.55","Analyze"
"CHRW","C.H. Robinson Worldwide, Inc.","Common stocks","Large cap","Industrials","$12,902,242,997","2.11%","13.79","0.51","6.19","Analyze"
"CTXS","Citrix Systems Inc","Common stocks","Large cap","Information Technology","$12,874,444,273","0.73%","46.26","3.94","19.33","Analyze"
"BEN","Franklin Resources Inc","Common stocks","Large cap","Financials","$12,808,056,646","4.42%","6.70","1.48","1.10","Analyze"
"NDSN","Nordson Corp","Common stocks","Large cap","Industrials","$12,660,645,451","0.92%","25.41","5.18","5.69","Analyze"
"TFX","Teleflex Inc","Common stocks","Large cap","Health Care","$12,537,323,505","0.51%","25.50","4.45","3.28","Analyze"
"CE","Celanese Corporation","Common stocks","Large cap","Materials","$12,476,104,149","2.35%","5.93","1.34","2.66","Analyze"
"ETSY","Etsy Inc","Common stocks","Large cap","Consumer Discretionary","$12,314,019,274","0.00%","28.32","5.22","18.24","Analyze"
"HST","Host Hotels & Resorts, Inc","REITs","Large cap","Real Estate","$12,308,462,144","0.52%","38.15","0.00","1.85","Analyze"
"UAL","United Continental Holdings Inc","Common stocks","Large cap","Industrials","$12,232,728,556","0.00%","-5.98","0.42","3.28","Analyze"
"CRL","Charles River Laboratories International","Common stocks","Large cap","Health Care","$12,093,588,874","0.00%","28.50","3.33","4.61","Analyze"
"EMN","Eastman Chemical","Common stocks","Large cap","Materials","$12,001,525,643","3.16%","14.66","1.11","2.04","Analyze"
"VTRS","Viatris Inc.","Common stocks","Large cap","Health Care","$11,978,013,386","4.59%","69.04","0.68","0.57","Analyze"
"HAS","Hasbro Inc","Common stocks","Large cap","Consumer Discretionary","$11,824,716,114","3.19%","30.27","1.83","3.71","Analyze"
"TAP","Molson Coors Brewing Class B","Common stocks","Large cap","Consumer Staples","$11,614,811,409","2.49%","10.82","0.88","0.86","Analyze"
"AAP","Advance Auto Parts Inc","Common stocks","Large cap","Consumer Discretionary","$11,511,257,980","2.61%","18.82","1.05","3.71","Analyze"
"IPG","Interpublic Group Of Companies Inc","Common stocks","Large cap","Communication Services","$11,475,311,109","3.79%","11.38","1.09","3.33","Analyze"
"NI","Nisource Inc","Common stocks","Large cap","Utilities","$11,398,868,938","3.20%","17.46","2.18","1.60","Analyze"
"SNA","Snap On Inc","Common stocks","Large cap","Industrials","$11,305,199,469","2.58%","13.47","2.42","2.65","Analyze"
"APA","Apache Corp","Common stocks","Large cap","Energy","$11,259,756,995","1.31%","4.40","1.28","11.76","Analyze"
"QRVO","Qorvo, Inc.","Common stocks","Large cap","Information Technology","$11,099,800,053","0.00%","10.47","2.39","2.38","Analyze"
"SBNY","Signature Bank","Common stocks","Large cap","Financials","$11,009,058,822","1.23%","10.36","5.07","1.30","Analyze"
"CCL","Carnival Corp","Common stocks","Large cap","Consumer Discretionary","$10,874,301,658","0.00%","-0.98","3.10","0.89","Analyze"
"LW","Lamb Weston Holdings Inc","Common stocks","Large cap","Consumer Staples","$10,858,072,345","1.27%","46.19","2.75","27.60","Analyze"
"REG","Regency Centers Corporation","REITs","Large cap","Real Estate","$10,857,103,356","3.86%","13.71","9.09","1.77","Analyze"
"PHM","Pultegroup Inc","Common stocks","Large cap","Consumer Discretionary","$10,831,028,085","1.29%","5.22","0.75","1.47","Analyze"
"LUMN","CenturyLink, Inc.","Common stocks","Large cap","Communication Services","$10,795,428,334","9.31%","5.05","0.56","0.89","Analyze"
"HSIC","Henry Schein Inc","Common stocks","Large cap","Health Care","$10,759,677,871","0.00%","16.46","0.85","2.96","Analyze"
"RE","Everest Re Group Ltd","Common stocks","Large cap","Financials","$10,657,715,121","2.31%","8.03","0.93","1.13","Analyze"
"WRK","Westrock","Common stocks","Large cap","Materials","$10,571,259,633","2.37%","13.23","0.52","0.91","Analyze"
"CMA","Comerica Inc","Common stocks","Large cap","Financials","$10,378,445,567","3.38%","10.42","3.76","1.45","Analyze"
"MKTX","Marketaxess Holdings Inc","Common stocks","Large cap","Financials","$10,136,925,236","1.00%","41.88","14.70","9.91","Analyze"
"DISH","Dish Network Corp Class A","Common stocks","Mid cap","Communication Services","$9,946,527,479","0.00%","2.46","0.56","0.34","Analyze"
"GL","Globe Life Inc.","Common stocks","Mid cap","Financials","$9,930,951,913","0.80%","13.58","1.92","1.44","Analyze"
"FTNT","Fortinet Inc","Common stocks","Mid cap","Information Technology","$9,930,208,076","0.00%","15.41","2.77","45.15","Analyze"
"NWS","News Corp Class B","Common stocks","Mid cap","Communication Services","$9,917,212,815","1.16%","6.78","0.97","0.40","Analyze"
"NWSA","News Corp Class A","Common stocks","Mid cap","Communication Services","$9,917,212,815","1.19%","13.14","0.97","0.78","Analyze"
"AOS","A O Smith Corp","Common stocks","Mid cap","Industrials","$9,518,184,900","1.85%","15.07","2.54","4.24","Analyze"
"FFIV","F5 Networks Inc","Common stocks","Mid cap","Information Technology","$9,483,827,524","0.00%","26.58","3.57","3.88","Analyze"
"WHR","Whirlpool Corp","Common stocks","Mid cap","Consumer Discretionary","$9,472,346,091","3.69%","5.67","0.44","2.06","Analyze"
"CZR","Caesars Entertainment Corp","Common stocks","Mid cap","Consumer Discretionary","$9,449,259,407","0.00%","-15.34","0.94","2.42","Analyze"
"JNPR","Juniper Networks Inc","Common stocks","Mid cap","Information Technology","$9,447,310,724","2.79%","27.23","1.96","2.17","Analyze"
"UHS","Universal Health Services Inc.","Common stocks","Mid cap","Health Care","$9,303,522,816","0.73%","7.97","0.72","1.27","Analyze"
"AAL","American Airlines Group Inc","Common stocks","Mid cap","Industrials","$9,145,169,060","0.00%","-3.74","0.26","-0.99","Analyze"
"RHI","Robert Half","Common stocks","Mid cap","Industrials","$9,139,472,074","1.95%","12.98","1.33","5.86","Analyze"
"AIZ","Assurant Inc","Common stocks","Mid cap","Financials","$9,128,479,296","1.59%","6.78","0.89","1.83","Analyze"
"RCL","Royal Caribbean Cruises Ltd","Common stocks","Mid cap","Consumer Discretionary","$9,114,687,832","0.00%","-1.68","3.58","2.23","Analyze"
"ALLE","Allegion PLC","Common stocks","Mid cap","Industrials","$9,084,297,023","1.48%","19.40","3.14","12.24","Analyze"
"FBHS","Fortune Brands Home And Security","Common stocks","Mid cap","Industrials","$8,858,271,981","1.59%","10.17","1.14","3.07","Analyze"
"BWA","BorgWarner Inc","Common stocks","Mid cap","Consumer Discretionary","$8,713,337,731","1.86%","12.98","0.59","1.24","Analyze"
"LNC","Lincoln National Corp","Common stocks","Mid cap","Financials","$8,683,316,481","3.46%","6.65","0.45","0.58","Analyze"
"SEE","Sealed Air Corp","Common stocks","Mid cap","Materials","$8,683,258,400","1.34%","15.82","1.53","45.35","Analyze"
"NLSN","Nielsen Holdings Plc","Common stocks","Mid cap","Industrials","$8,647,026,980","0.99%","17.37","2.46","2.53","Analyze"
"TPR","Tapestry","Common stocks","Mid cap","Consumer Discretionary","$8,568,834,753","2.91%","9.86","1.28","3.37","Analyze"
"MHK","Mohawk Industries Inc","Common stocks","Mid cap","Consumer Discretionary","$8,560,667,134","0.00%","8.22","0.74","1.03","Analyze"
"NRG","NRG Energy Inc","Common stocks","Mid cap","Utilities","$8,551,699,502","3.70%","2.11","0.32","1.68","Analyze"
"CDAY","Ceridian HCM Holding Inc.","Common stocks","Mid cap","Information Technology","$8,483,999,707","0.00%","-98.96","7.83","3.86","Analyze"
"HII","Huntington Ingalls Industries Inc","Common stocks","Mid cap","Industrials","$8,359,851,956","2.22%","15.60","0.85","2.96","Analyze"
"NWL","Newell Brands Inc","Common stocks","Mid cap","Consumer Discretionary","$8,278,270,000","4.52%","11.64","0.77","2.10","Analyze"
"DXCM","Dexcom Inc","Common stocks","Mid cap","Health Care","$8,241,597,113","0.00%","38.83","3.20","3.76","Analyze"
"DVA","Davita Inc","Common stocks","Mid cap","Health Care","$8,151,682,000","0.00%","9.12","0.70","9.77","Analyze"
"FRT","Federal Realty Investment Trust","REITs","Mid cap","Real Estate","$8,123,894,918","2.09%","31.34","8.21","3.10","Analyze"
"OGN","Organon & Co.","Common stocks","Mid cap","Health Care","$8,055,516,805","3.48%","6.24","1.27","-6.49","Analyze"
"ZION","Zions Bancorporation","Common stocks","Mid cap","Financials","$8,029,581,581","2.87%","8.14","2.91","1.27","Analyze"
"XRAY","Dentsply Sirona Inc","Common stocks","Mid cap","Health Care","$7,857,518,247","1.28%","21.00","1.88","1.58","Analyze"
"PNW","Pinnacle West Corp","Common stocks","Mid cap","Utilities","$7,841,145,288","4.79%","13.23","2.02","1.34","Analyze"
"IVZ","Invesco Ltd","Common stocks","Mid cap","Financials","$7,817,337,059","4.01%","5.89","1.14","0.51","Analyze"
"PNR","Pentair","Common stocks","Mid cap","Industrials","$7,810,172,606","1.75%","14.34","2.00","3.10","Analyze"
"BBWI","Bath & Body Works, Inc.","Common stocks","Mid cap","Consumer Discretionary","$7,614,606,792","2.09%","6.32","0.80","-5.04","Analyze"
"WYNN","Wynn Resorts Ltd","Common stocks","Mid cap","Consumer Discretionary","$7,384,648,016","0.00%","-10.88","1.85","-21.24","Analyze"
"DXC","DXC Technology Company","Common stocks","Mid cap","Information Technology","$7,181,307,128","0.00%","-11.67","0.43","1.49","Analyze"
"RL","Ralph Lauren Corp Class A","Common stocks","Mid cap","Consumer Discretionary","$7,179,930,717","2.83%","8.66","1.20","1.60","Analyze"
"PENN","Penn National Gaming Inc","Common stocks","Mid cap","Consumer Discretionary","$5,779,717,228","0.00%","14.77","0.93","1.43","Analyze"
"VNO","Vornado Realty Trust","REITs","Mid cap","Real Estate","$5,643,010,911","7.06%","38.05","3.42","0.92","Analyze"
"ALK","Alaska Air Group Inc","Common stocks","Mid cap","Industrials","$5,445,905,879","0.00%","11.57","0.77","1.48","Analyze"
"PVH","PVH Corp","Common stocks","Mid cap","Consumer Discretionary","$4,187,712,109","0.18%","6.17","0.00","0.78","Analyze"
"NCLH","Norwegian Cruise Line Holdings Ltd","Common stocks","Mid cap","Consumer Discretionary","$2,681,952,000","0.00%","-1.22","2.30","3.33","Analyze"